,zip_code,average household income
1,37013,35597
2,37027,19950
3,37067,11643
4,37072,12533
5,37076,17389
6,37078,163
7,37080,3012
8,37115,16510
9,37135,4476
10,37138,9264
11,37189,1509
12,37201,526
13,37203,8726
14,37204,5962
15,37205,10778
16,37206,11550
17,37207,14909
18,37208,7974
19,37209,15884
20,37210,6967
21,37211,29450
22,37212,6957
23,37213,22
24,37214,13894
25,37215,9998
26,37216,7923
27,37217,12470
28,37218,5854
29,37219,829
30,37220,2316
31,37221,17959
32,37228,1051
